title,score,comments,url
"Wyoming failed to invest in renewable energy and primarily stayed with coal. Now with coal prices skyrocketing, a planned rate hike of 29% angers residents.",1933,146,https://www.msn.com/en-us/money/markets/plan-to-hike-electric-bills-29-sparks-fury-in-wyoming/ar-AA1j2yWF#comments
The rise of solar power and China's staggering EV growth may have pushed global emissions into decline - ABC News,857,73,https://www.abc.net.au/news/2024-09-21/major-climate-agencies-call-global-emissions-peak/104016030
11% of the Military Budget Could Fund Enough Renewable Energy for Every Home in the US,703,58,https://www.nationalpriorities.org/blog/2019/09/20/11-percent-military-budget-renewable-energy-every-home/?utm_source=SocialAnimal&utm_medium=referral
China's making more cheap wind and solar kit than the world knows what to do with: 'the timing couldn't be worse',662,190,https://www.rechargenews.com/energy-transition/chinas-making-more-cheap-wind-and-solar-kit-than-the-world-knows-what-to-do-with-the-timing-couldnt-be-worse/2-1-1609984
81% of New Renewable Energy Capacity Added in 2023 Was Cheaper Than Fossil Fuels | OilPrice.com,623,50,https://oilprice.com/Latest-Energy-News/World-News/81-of-New-Renewable-Energy-Capacity-Added-in-2023-Was-Cheaper-Than-Fossil-Fuels.html
"China opens world's biggest solar farm that spreads over 200,000 acres",623,54,https://interestingengineering.com/energy/china-opens-worlds-biggest-solar-farm
"""In many ways, Putin is doing more to hasten the transition to renewable energy than all the speeches and marches at COP26 just a few months before.""",618,55,https://www.freeingenergy.com/ukraine-russia-energy-nuclear/
The U.S. Is Quietly Building Several Renewable Energy Megaprojects | OilPrice.com,580,22,https://oilprice.com/Alternative-Energy/Renewable-Energy/The-US-Is-Quietly-Building-Several-Renewable-Energy-Megaprojects.html
US renewable energy industry cheers Joe Biden election win as 'beautiful day',565,29,https://www.rechargenews.com/transition/us-renewable-energy-industry-cheers-joe-biden-election-win-as-beautiful-day/2-1-908521
China’s Electric Vehicles Are Going to Hit Detroit Like a Wrecking Ball,501,129,https://www.nytimes.com/2024/02/27/opinion/gm-ford-electric-vehicles.html
Kentucky regulators approve plan for 900% increase in renewable energy,494,7,https://pv-magazine-usa.com/2023/11/10/kentucky-regulators-approve-plan-for-900-increase-in-renewable-energy/
"“When President John F. Kennedy started the space race, he didn’t know if he could get to the moon within ten years. But he did know that by challenging Russia, he would galvanize all Americans to support the mission to get to the moon first. Why not challenge China to a clean energy competition?""",439,60,https://www.nationalreview.com/news/kirsten-gillibrand-challenges-china-to-clean-energy-space-race/
Negative Power Prices Hit Europe as Renewable Energy Floods the Grid | OilPrice.com,369,39,https://oilprice.com/Latest-Energy-News/World-News/Negative-Power-Prices-Hit-Europe-as-Renewable-Energy-Floods-the-Grid.html
China Hits Xi Jinping’s Renewable Power Target Six Years Early,360,39,https://www.bloomberg.com/news/articles/2024-08-23/china-hits-xi-jinping-s-renewable-power-target-six-years-early?srnd=green&embedded-checkout=true
Electricity prices in France turn negative as renewable energy floods the grid,354,29,https://fortune.com/2024/06/16/electricity-prices-france-negative-renewable-energy-supply-solar-power-wind-turbines/
"Big Return to Coal in Europe Killed Off by Record Renewable Energy - For the first time ever, wind and solar generated more electricity in the European Union than any other source - preventing a feared return to coal as the continent battled an energy crisis.",342,39,https://news.sky.com/story/renewable-power-record-prevents-big-return-to-coal-in-europe-despite-energy-crisis-12799701
Renewable Energy Is Suddenly Startlingly Cheap. Now the biggest barrier to change is the will of our politicians to take serious climate action.,332,30,https://www.newyorker.com/news/annals-of-a-warming-planet/renewable-energy-is-suddenly-startlingly-cheap
1 in 5 Australian households now have solar panels installed. The leading reasons are cost reduction and the necessity of a sustainable future.,325,8,https://www.energymatters.com.au/renewable-news/australian-solar-under-the-microscope-the-stats-that-matter/
China Added More Solar Panels in 2023 Than US Did In Its Entire History,309,22,https://www.bloomberg.com/news/articles/2024-01-26/china-added-more-solar-panels-in-2023-than-us-did-in-its-entire-history
"No, frozen wind turbines aren’t the main culprit for Texas’ power outages contrary to anti renewable energy rhetoric, ignoring the higher failure rate of gas and coal energy",308,27,https://www.texastribune.org/2021/02/16/texas-wind-turbines-frozen/
"Chinese government states they are ending all overseas finance of coal power plants, will shift to funding renewable energy development instead. Chinese Premier Xi Jianping just announced at the UN.",307,46,https://www.reddit.com/r/RenewableEnergy/comments/psqs0g/chinese_government_states_they_are_ending_all/
Trump is 'totally wrong' that using renewable energy will lead to 'blackouts',298,16,http://www.cnbc.com/2017/06/02/trump-is-totally-wrong-that-renewable-energy-will-lead-to-blackouts.html
Bill awaiting DeSantis’ OK would end years of renewable energy policies,299,29,https://web.archive.org/web/20240503205538/https://www.sun-sentinel.com/2024/05/03/bill-awaiting-desantis-ok-would-end-years-of-renewable-energy-policies/
Scotland just blew up its last coal-fired power plant - as the country transitions to renewable energy,286,17,"https://www.weforum.org/agenda/2021/12/scotland-last-power-plant-renewable-energy/#:~:text=Decarbonizing%20Energy-,Scotland%20just%20blew%20up%20its%20last%20coal%2Dfired%20power%20plant%20%2D%20as%20the%20country%20transitions%20to%20renewable%20energy,-Sustainable%20energy%20has"
Ohio will soon be home to the largest solar factory complex outside of China; First Solar to double US manufacturing capability,280,13,https://www.cnn.com/2021/06/09/business/solar-manufacturing-china-ohio/index.html
‘Insanely cheap energy’: how solar power continues to shock the world. Australian smarts and Chinese industrial might made solar power the cheapest power humanity has seen – and no one saw it coming,284,60,https://www.theguardian.com/australia-news/2021/apr/25/insanely-cheap-energy-how-solar-power-continues-to-shock-the-world
US miners’ union backs shift from coal for renewable energy jobs,283,10,https://www.aljazeera.com/economy/2021/4/19/us-miners-union-backs-shift-from-coal-for-renewable-energy-jobs
Renewable energy could render five of Australia’s remaining coal plants unviable by 2025,281,15,https://www.theguardian.com/australia-news/2021/feb/24/renewable-energy-could-render-five-of-australias-remaining-coal-plants-unviable-by-2025
Misinformation is derailing renewable energy projects across the United States,280,22,https://www.npr.org/2022/03/28/1086790531/renewable-energy-projects-wind-energy-solar-energy-climate-change-misinformation
2020 Tokyo Olympics will use 100% renewable energy,282,4,https://www.slashgear.com/2020-tokyo-olympics-will-use-100-renewable-energy-25535457/
"Leading Steel Maker In US Pivots To Renewable Energy, Ditches Coal",282,3,https://cleantechnica.com/2020/10/05/leading-steel-maker-in-us-pivots-to-renewable-energy-ditches-coal/
US to see renewable energy boom in wake of historic climate bill | Renewable energy,276,10,https://www.theguardian.com/environment/2022/aug/30/renewable-energy-climate-bill-solar-wind
"A new report released today identifies 22 shovel ready, high-voltage transmission projects across the country that, if constructed, would create approximately 1,240,000 American jobs and lead to 60 GW of new renewable energy capacity, increasing American’s wind and solar generation by nearly 50%.",271,17,https://cleanenergygrid.org/new-report-identifies-22-shovel-ready-regional-and-interregional-transmission-projects/
Rooftop solar trumps all fossil fuels as renewables smash more records on main grid [Australia],272,43,https://reneweconomy.com.au/renewables-reach-record-68-7-per-cent-share-of-grid-power-in-australias-main-grid/
"In Trump vs. renewable energy, Trump is already losing: ""The energy market has spoken, and it wants wind and solar power, not coal and oil.""",270,17,http://www.marketwatch.com/story/in-trump-vs-renewable-energy-trump-is-already-losing-2017-03-30
Researchers agree: The world can reach a 100% renewable energy system by or before 2050,268,48,https://www.helsinkitimes.fi/themes/themes/science-and-technology/22012-researchers-agree-the-world-can-reach-a-100-renewable-energy-system-by-or-before-2050.html
Wind is not the issue in Texas power outage..,267,76,https://www.reddit.com/r/RenewableEnergy/comments/llh955/wind_is_not_the_issue_in_texas_power_outage/
"King coal is dead, long live solar! In Australia it has long been said that “Coal is king”, but all reigns come to an end. In mid-August 2022, the National Electricity Market (NEM) saw a number of days when solar power eclipsed coal as the primary energy source.",262,16,https://naturalsolar.com.au/solar-news/king-coal-is-dead-long-live-solar/
Japan creates $19bn green fund to push hydrogen planes and carbon recycling,261,8,https://asia.nikkei.com/Spotlight/Coronavirus/Japan-creates-19bn-green-fund-to-push-hydrogen-planes-and-carbon-recycling
'Future Belongs to Renewable Energy': Greenland Ditches All Oil Drilling.,258,7,https://www.commondreams.org/news/2021/07/16/future-belongs-renewable-energy-greenland-ditches-all-oil-drilling
World to deploy as much renewable energy in the next five years as the last 20,254,33,https://pv-magazine-usa.com/2022/12/12/world-to-deploy-as-much-renewable-energy-in-the-next-five-years-as-the-last-20/
"Australian authorities approve 600 MW/1,200 MWh of solar-plus-storage",255,15,https://www.pv-magazine.com/2024/09/09/australian-authorities-approve-600-mw-1200-mwh-of-solar-plus-storage/
GM secures 100% renewable energy for all US sites by 2025,252,15,https://www.automotivelogistics.media/sustainability/gm-secures-100-renewable-energy-for-all-us-sites-by-2025/43593.article
China’s Goldwind installed a 16 MW offshore wind turbine in just 24 hours,248,25,https://electrek.co/2023/11/23/china-goldwind-16-mw-offshore-wind-turbine-24-hours/
"Solar panels keeping sheep fed during drought: Two Australian farmers reported that their solar panels increased grazing quality during drought periods over a four year period, aligning with research suggesting solar panel microclimates might increase water retention, and grass production.",244,14,https://pv-magazine-usa.com/2022/06/01/solar-panels-keeping-sheep-fed-during-drought/
President Trump Slaps Tariffs on Solar Panels in Major Blow to Renewable Energy,249,50,http://time.com/5113472/donald-trump-solar-panel-tariff/
China blocks new car factories that don’t make electric vehicles.,247,25,https://qz.com/1500793/chinas-banning-new-factories-that-only-make-fossil-fuel-cars/
"China’s solar cell production doubled in 2021, is projected to double again in 2022, and again in 2023",243,36,https://pv-magazine-usa.com/2022/10/24/chinas-solar-cell-production-capacity-may-reach-600-gw-by-year-end/
Hawaii waterpark runs on 100% renewable energy with new 1.3MW solar carport,245,14,https://www.khon2.com/local-news/wetnwildhawaii-launches-new-1-3-megawatt-solar-system/
"Coronavirus accelerates global shift to cheaper, more sustainable renewable energy",244,3,https://www.msn.com/en-us/news/politics/coronavirus-accelerates-global-shift-to-cheaper-more-sustainable-renewable-energy/ar-BB16gNcP
Costa Rica Is At Nearly 100% Renewable Energy For Electricity,247,7,https://cleantechnica.com/2020/02/03/costa-rica-is-at-nearly-100-renewable-energy-for-electricity/
Tesla Big Battery 'Stunning Success': State Govt in Australia Saves $A35 Million in 4 months (cost $A50M),241,14,https://reneweconomy.com.au/the-stunning-numbers-behind-success-of-tesla-big-battery-63917/
"Aggressive push to 100% renewable energy could save Americans billions – study. As much as $321bn could be saved with complete switch to clean energy sources, Rewiring America analysis finds",242,15,https://www.theguardian.com/environment/2020/oct/22/us-renewable-energy-costs-savings-study-report
11% of the Military Budget Could Fund Enough Renewable Energy for Every Home in the US,239,33,https://www.nationalpriorities.org/blog/2019/09/20/11-percent-military-budget-renewable-energy-every-home/
Indiana Utility Says Replacing Coal With Renewables Will Save Customers $4 Billion,241,6,https://cleantechnica.com/2018/11/08/indiana-utility-says-replacing-coal-with-renewables-will-save-customers-4-billion/
"China Invests $546 Billion in Clean Energy, Far Surpassing the U.S.",240,34,https://www.scientificamerican.com/article/china-invests-546-billion-in-clean-energy-far-surpassing-the-u-s/
"Electric and gas utilities spent $24 million on lobbying state lawmakers between 2013 and 2020, four times that spent by renewable energy firms and more than eight times that of environmental organizations",237,10,https://energynews.us/2021/12/13/study-business-lobbying-a-major-barrier-to-clean-energy-legislation-in-connecticut/
World’s largest coal port flicks switch to 100% renewable energy,238,5,https://www.pv-magazine.com/2022/01/14/worlds-largest-coal-port-flicks-switch-to-100-renewable-energy/
"While Trump pretends to bring back mining jobs, China is building 100 panda-shaped solar farms",241,29,https://www.dailykos.com/stories/1684264
Elon Musk: I can fix South Australia power network in 100 days or it's free,239,42,https://www.theguardian.com/technology/2017/mar/10/elon-musk-i-can-fix-south-australia-power-network-in-100-days-or-its-free?CMP=fb_gu
"Proposed Australian offshore wind projects hijacked by political actors ""pretending to care about whales""",238,41,https://www.smh.com.au/environment/climate-change/wind-farms-misinformation-peter-dutton-climate-change-20231101-p5egvn.html
What do we want? 100% renewable energy. When do we want it? Now.,235,28,https://www.vox.com/energy-and-environment/2018/9/14/17853884/utilities-renewable-energy-100-percent-public-opinion
China’s solar power has reached price parity with coal,234,38,https://arstechnica.com/science/2021/10/the-shifting-economics-of-solar-power-in-china/
It's Official. Renewable Energy Overtook Both Coal and Nuclear in 2020,239,23,https://interestingengineering.com/renewable-overtook-coal-nuclear-2020
Google plans to power all offices and data centers with 100% renewable energy by 2030,238,37,https://grist.org/energy/google-plans-to-power-your-searches-with-carbon-free-energy-by-2030/
The 100% renewable energy movement is unstoppable - Cincinnati has become the 100th U.S. city to set a goal to move to 100% renewable energy.,233,8,https://pv-magazine-usa.com/2018/12/06/the-100-renewable-energy-movement-is-unstoppable/
Germany raises the bar on renewable energy with new set of laws for 100 percent renewable power,230,18,https://www.renewableenergymagazine.com/panorama/germany-raises-the-bar-on-renewable-energy-20220414/
17.8% of all new car sales in China in August were electric,234,34,https://www.digitimes.com/news/a20210914PR200.html
"Town in Australia Is 100% Solar Powered. Some cities, states, and countries say that they just can’t go 100% renewable — it’s “impossible.” Others say that they may be able to do it, someday, perhaps. Others tells us that they will do it — in 2050. Or maybe 2040.",227,53,https://cleantechnica.com/2021/06/19/town-in-australia-is-100-solar-powered/
"There’s A Big Hole In The Argument That Ditching Fossil Fuels Will Kill Jobs. Oil and gas jobs have been disappearing for a long time. As fossil fuels flag, all signs point to a strong future for renewable energy.",227,12,https://www.huffpost.com/entry/big-hole-argument-ditching-fossil-fuels-kill-jobs_n_6001d297c5b62c0057bcc973
University of Utah reaches 71% renewable energy with new solar contract,228,7,http://kutv.com/news/local/university-of-utah-reaches-71-renewable-energy-with-new-solar-contract
"100% renewable energy could power the world by 2030, experts say",225,12,https://finance.yahoo.com/news/100-renewable-energy-could-power-184300141.html
"Wyoming sets aside money to sue states, like Colorado, for their renewable energy policies. The bill allocates $1.2 million for lawsuits against states with regulations that impede Wyoming’s ability to export coal or force the early closures of coal-fired plants in the state.",221,29,https://www.denverpost.com/2021/04/14/wyoming-targets-states-colorado-on-coal-renewable-energy/
U.S. Renewable Energy Will Surge Past Coal and Nuclear by Year's End,224,11,https://www.scientificamerican.com/article/u-s-renewable-energy-will-surge-past-coal-and-nuclear-by-years-end/
Seven countries now generate almost 100% of their electricity from renewable energy in ‘irreversible tipping point’ moment,225,10,https://www.uniladtech.com/news/7-countries-generate-all-electricity-renewable-energy-130489-20240417
Beer giant Anheuser-Busch InBev commits to 100% renewable energy,219,5,http://www.cnbc.com/2017/03/29/beer-giant-anheuser-busch-inbev-commits-to-100-percent-renewable-energy.html
"Australia has enough solar, wind storage in pipeline to go 100% renewables",221,11,https://reneweconomy.com.au/australia-has-enough-solar-wind-storage-in-pipeline-to-go-100-renewables-81953/
Fossil fuel champion chosen by Donald Trump to run renewable energy office,219,17,https://www.yahoo.com/news/fossil-fuel-champion-chosen-donald-101900126.html
'Winning the race': How China plans to meet its 2030 renewables target by the end of this month,221,72,https://www.abc.net.au/news/science/2024-07-16/chinas-renewable-energy-boom-breaks-records/104086640
"The Republican Tax Plan Is an Assault on Renewable Energy - While preserving billions in subsidies for fossil fuel companies, it would slash credits for wind and solar power.",216,7,http://www.motherjones.com/politics/2017/11/the-republican-tax-plan-is-an-assault-on-renewable-energy/
Hundreds of US mayors to vote on switch to renewable energy by 2035 - Leaders from more than 250 cities gathered at the US Conference of Mayors in Miami Beach to vote on a resolution to reach a 100% clean energy goal,222,9,https://www.theguardian.com/environment/2017/jun/26/hundreds-of-us-mayors-vow-not-to-wait-for-trump-on-clean-energy
Neither Trump nor Turnbull can turn back the tide on renewables: The argument for renewable energy is now a purely economic one – and the move away from coal will only pick up speed,216,8,https://www.theguardian.com/sustainable-business/2017/jan/18/neither-trump-nor-turnbull-can-turn-back-the-tide-on-renewables
India cancels plans for huge coal power stations as solar energy prices hit record low,220,2,http://www.independent.co.uk/environment/india-solar-power-electricity-cancels-coal-fired-power-stations-record-low-a7751916.html?amp
"From U.S. to Europe to China to Russia, renewables are now cheaper than coal",217,9,https://www.fastcompany.com/90477318/from-u-s-to-europe-to-china-to-russia-renewables-are-now-cheaper-than-coal
Sweden to reach its 2030 renewable energy target this year,218,1,https://www.businesslive.co.za/bd/world/europe/2018-07-04-sweden-to-reach-its-2030-renewable-energy-target-this-year/
"It's time to talk 100% renewable energy, California Senate leader says",220,15,http://www.latimes.com/politics/essential/la-pol-ca-essential-politics-updates-california-renewable-1484864454-htmlstory.html
Renewable energy group challenges Mississippi Power plan that sidelines solar. The group called on regulators to reject the plan and asked why solar — at a near-term cost of $20 per MWh — was not selected over an existing fossil generator at $51.70 per MWh.,218,15,https://pv-magazine-usa.com/2021/06/21/renewable-energy-group-challenges-mississippi-power-plan-that-sidelines-solar/
"New York Senate passes the biggest, baddest renewable energy mandate in the nation: The 70% by 2030 renewable energy provision in S6599 is second only to DC’s 100% by 2032 in ambition, and includes 6 GW of distributed solar by 2025 and 3 GW of energy storage by 2030.",215,27,https://pv-magazine-usa.com/2019/06/19/new-york-senate-passes-the-biggest-baddest-renewable-energy-mandate-in-the-nation/
"Due to Solar and Batteries, Australian Households Will Produce More Energy Than They Consume by 2040",214,19,https://reneweconomy.com.au/households-will-produce-more-energy-than-they-consume-by-2040-and-aemo-is-paying-attention/
Australia’s Case for Fossil Fuels Weakens as Solar and Wind Set Records,214,16,https://www.bnnbloomberg.ca/australia-s-case-for-fossil-fuels-weakens-as-solar-and-wind-set-records-1.1624396
More Renewable Energy Used in 2020 Than Fossil Fuels For the First Time in World's 4th Largest Economy,210,31,https://www.goodnewsnetwork.org/german-renewable-energy-generates-more-than-coal/
Sweden to reach its 2030 renewable energy target this year,211,1,https://www.weforum.org/agenda/2018/07/sweden-to-reach-its-2030-renewable-energy-target-this-year
"'Extraordinary new phase' of renewable energy as Ukraine war accelerates shift from fossil fuels, energy leader says",213,10,https://news.sky.com/story/extraordinary-new-phase-of-renewable-energy-as-ukraine-war-accelerates-shift-from-fossil-fuels-energy-leader-says-12762623
Solar power provided 100 per cent of demand in South Australia for the first time today.,207,1,https://reneweconomy.com.au/solar-meets-100-per-cent-of-south-australia-demand-for-first-time-78279/
'We'll spend $70bn on renewables and make world's cheapest green hydrogen': Indian billionaire Adani,206,27,https://www.rechargenews.com/energy-transition/well-spend-70bn-on-renewables-and-make-worlds-cheapest-green-hydrogen-indian-billionaire-adani/2-1-1097901
"Renewable Energy Will Overtake Coal in 2025. Solar and wind power are on pace to overtake coal in the next five years as the world's largest producer of global electricity, according to the International Energy Agency.",207,10,https://www.yahoo.com/lifestyle/renewable-energy-overtake-coal-2025-120000614.html
All Porsche Parts Will Now Be Made with Renewable Energy,203,18,https://sustainablebrands.com/read/supply-chain/all-porsche-parts-will-now-be-made-with-renewable-energy
IKEA’s retail arm is investing $2.8 billion in renewable energy,203,0,https://qz.com/1712654/ikeas-retail-arm-is-investing-2-8-billion-in-renewable-energy/
America's renewable energy sources have produced more electricity than coal every day for 40 days straight,202,10,https://www.newsweek.com/america-renewable-energy-electricity-generation-tops-coal-plants-april-2020-40-days-1501967
"Wind & solar plants will soon be cheaper than coal in all big markets around world, analysis finds - Report raises fresh doubt about viability of Australia’s thermal coal export industry",201,7,https://www.theguardian.com/environment/2020/mar/12/wind-and-solar-plants-will-soon-be-cheaper-than-coal-in-all-big-markets-around-world-analysis-finds
Cheap renewable energy is killing India’s coal-based power plants,202,19,https://qz.com/1272394/cheap-solar-and-wind-energy-prices-are-killing-indias-coal-power-plants/
The first ‘utility scale’ renewable energy plant combining solar and wind generation with battery storage opens in the US,200,17,https://electrek.co/2022/10/06/first-clean-energy-plant-opens-using-solar-wind-battery-storage/
Japan Eyes Replacing Oil With Hydrogen Amid Carbon Neutral Push,200,47,https://www.msn.com/en-us/news/technology/japan-eyes-replacing-oil-with-hydrogen-amid-carbon-neutral-push/ar-BB1aOC1e?ocid=uxbndlbing
Trump insider: New administration won't attack renewable energy,203,32,http://www.utilitydive.com/news/trump-energy-policy/430205/
China Almost Quadrupled Its New Energy Storage Capacity in 2023 - BNN Bloomberg,203,19,https://www.bnnbloomberg.ca/china-almost-quadrupled-its-new-energy-storage-capacity-in-2023-1.2026320
"Rooftop solar sends Victorian, Australia power prices to zero every day for two months",201,29,https://reneweconomy.com.au/rooftop-solar-sends-victorian-power-prices-to-zero-every-day-for-two-months/
Energy Secretary Rick Perry called out for ‘thinly disguised’ attempt to undermine renewable energy - Former Koch-funded think tank official selected to lead DOE study.,199,4,https://thinkprogress.org/senators-attack-doe-grid-study-6d09434fa84a
"India deployed 2.5 GW of large-scale, unsubsidized solar capacity in 2022",199,28,https://www.pv-magazine.com/2023/03/17/india-deployed-2-5-gw-of-large-scale-unsubsidized-solar-capacity-in-2022/
Nissan recycles LEAF batteries for use in factory automated guided vehicles - Renewable Energy Magazine,200,9,https://www.renewableenergymagazine.com/electric_hybrid_vehicles/nissan-recycles-leaf-batteries-for-use-in-20210317/
"Is the Trump Administration blocking the science on a renewable-powered future - A study on reaching high levels of renewable energy has been removed from the NOAA website, and an energy writer says that the release of another study has been blocked.",203,8,https://pv-magazine-usa.com/2019/09/16/is-the-trump-administration-blocking-the-science-on-a-renewable-powered-future/
Why solar energy will continue to lead the pack among renewable energy sources in 2024,198,28,https://www.msn.com/en-us/money/other/why-solar-energy-will-continue-to-lead-the-pack-among-renewable-energy-sources-in-2024/ar-AA1l0MMC
"China aims to build 450 GW of solar, wind power on Gobi desert",193,13,https://www.reuters.com/world/china/china-aims-build-450-gw-solar-wind-power-gobi-desert-2022-03-05/
"Ireland could become energy ‘superpower’ Floating wind energy can transform Ireland into a European renewable energy superpower, if the right policies are put in place to enable industry to start building floating wind farms in the 2020s.",196,9,https://www.agriland.ie/farming-news/ireland-could-become-energy-superpower-wind-energy-ireland/
"New York launches the largest renewable solicitation in US history, calling for 4000 MW of renewable energy capacity.",197,15,https://pv-magazine-usa.com/2020/07/21/new-york-launches-largest-renewable-solicitation-in-us-history/
France to ban all new oil and gas exploration in renewable energy drive,196,3,http://www.independent.co.uk/news/world/europe/france-ban-new-oil-gas-exploration-stop-granting-licences-macron-hulot-renewable-energy-drive-a7806161.html
Renewable energy institutional investment has gone “from niche to mainstream”,193,3,https://pv-magazine-usa.com/2023/03/03/renewable-energy-institutional-investment-has-gone-from-niche-to-mainstream/
Google says it will hit 100 percent renewable energy next year,196,2,https://www.washingtonpost.com/news/energy-environment/wp/2016/12/06/google-says-it-will-hit-100-percent-renewable-energy-next-year/?utm_term=.cfce57185f0c&tid=sm_tw
"The nuclear city goes 100% renewable: Chicago may be the largest city in the nation to commit to 100% renewable energy, with a 2035 target date. And the location says a lot about the future of clean energy.",190,11,https://pv-magazine-usa.com/2019/02/15/the-nuclear-city-goes-100-renewable/
The 100% renewable energy movement is unstoppable - Cincinnati has become the 100th U.S. city to set a goal to move to 100% renewable energy.,191,9,https://pv-magazine-usa.com/2018/12/06/the-100-renewable-energy-movement-is-unstoppable/
"Did you know that Africa is leading the world, by FAR, in renewable energy consumption?",187,27,https://ourworldindata.org/grapher/share-of-final-energy-consumption-from-renewable-sources
Microsoft announces largest-ever corporate procurement of renewable energy,192,29,https://pv-magazine-usa.com/2024/05/01/microsoft-announces-largest-ever-corporate-procurement-of-renewable-energy/
My home is now 100% solar powered! India about to have a Green Energy Revolution,186,15,https://www.reddit.com/r/RenewableEnergy/comments/sik0px/my_home_is_now_100_solar_powered_india_about_to/
India added 8.8 GW of solar in first nine months of 2021,188,40,https://www.pv-magazine.com/2021/10/28/india-added-8-8-gw-of-solar-in-first-nine-months-of-2021/
Stanford University says it will run on 100 percent renewable energy by 2021 with the launch of its second solar generating plant yesterday.,189,4,https://www.mercurynews.com/2018/12/04/stanford-university-expects-to-reach-100-percent-renewable-energy-with-launch-of-new-solar-plant/
Renewable energy now makes up 25% of Minnesota’s’s total energy. Many consider Minnesota to be cold and not the best state to make the transition to renewable energy but data proves otherwise,187,11,https://dailyenergyinsider.com/news/32226-renewable-sources-now-make-up-one-quarter-of-minnesotas-electric-retail-sales/?amp
Solar Overtakes Wind As India’s Largest Renewable Energy Technology,185,4,https://cleantechnica.com/2021/02/27/solar-overtakes-wind-as-indias-largest-renewable-energy-technology/
"Virtually all the world’s demand for electricity to run transport and to heat and cool homes and offices, as well as to provide the power demanded by industry, could be met by renewable energy by mid-century. This is the consensus of 47 peer-reviewed research papers from 13 independent groups",188,4,https://climatenewsnetwork.net/renewable-energy-could-power-the-world-by-2050/
India Starts Construction Of World’s Largest Renewable Energy Park,188,16,https://oilprice.com/Latest-Energy-News/World-News/India-Starts-Construction-Of-Worlds-Largest-Renewable-Energy-Park.html
The London Underground could soon run on 100% renewable energy | Living,190,2,https://www.euronews.com/living/2020/07/17/the-london-underground-could-soon-run-on-100-renewable-energy
"Chairman Thompson, 47 Democratic Cosponsors Introduce Growing Renewable Energy and Efficiency Now Act",186,4,https://mikethompson.house.gov/newsroom/press-releases/chairman-thompson-47-democratic-cosponsors-introduce-green-act
Renewable energy brings California emissions below 1990 levels,188,10,https://pv-magazine-usa.com/2018/07/17/renewable-energy-brings-down-california-emissions-below-1990-levels/
China: Exceeds its 2020 Solar Power Target,184,7,http://solarapac.org/china-exceeds-its-2020-solar-power-target/
Super Bowl to be hosted in first 100% renewable energy NFL stadium,185,13,https://pv-magazine-usa.com/2024/02/07/super-bowl-to-be-hosted-in-first-100-renewable-energy-nfl-stadium/
90% of New Capacity in India from Renewable Sources in first half of 2022; Solar at more than 75%,184,5,https://mercomindia.com/india-adds-over-7-gw-of-solar-in-a-record-first-half-of-2022/
"After Hurricane Maria, Puerto Rico may shift to 100% renewable energy",187,8,https://www.fastcompany.com/90256985/after-hurricane-maria-puerto-rico-may-shift-to-100-renewable-energy
India surpasses 50GW of solar,184,5,https://www.pv-magazine.com/2022/03/14/india-surpasses-50gw-of-solar/
"‘Future belongs to renewable energy,’ Greenland says as it stops oil search",180,0,https://globalnews.ca/news/8033056/renewable-energy-greenland-oil-search/
This Scottish tidal power project has generated record levels of electricity and is opening up new possibilities for renewable energy,184,12,https://www.weforum.org/agenda/2020/01/tidal-renewable-energy-turbine-electricity-generation-scotland/
"Senators target 50% national renewable energy standard by 2035, zero-carbon by 2050",186,2,https://www.utilitydive.com/news/senators-target-50-national-renewable-energy-standard-by-2035-zero-carbon/557722/
Tell Trump to support renewable energy in language that makes sense to him!,183,8,https://apply.ptt.gov/yourstory/
The United States consumed a record amount of renewable energy in 2020,183,15,https://www.renewableenergyworld.com/wind-power/the-united-states-consumed-a-record-amount-of-renewable-energy-in-2020/
"China Blows Past Clean Energy Record With Wind Capacity Jump. China added almost 72 gigawatts of wind power in 2020, more than double the previous record. The country also added about 48 gigawatts of solar, the most since 2017, and about 13 gigawatts of hydropower.",183,31,https://www.bloomberg.com/news/articles/2021-01-20/china-blows-past-clean-energy-record-with-extra-wind-capacity
"Trump Can’t Kill Renewable Energy - Some of his policies may hurt the solar industry, but the market's steady growth shows he has little power over it.",182,3,https://newrepublic.com/article/147083/trump-cant-kill-renewable-energy
Japan Is Dropping a Gargantuan Turbine Into The Ocean to Harness 'Limitless' Energy,182,14,https://www.sciencealert.com/japan-s-dropping-a-kaiju-sized-turbine-into-the-ocean-to-fish-for-limitless-energy
Japan seeks to close 100 coal plants in the next decade,181,26,https://asia.nikkei.com/Business/Energy/Japan-seeks-stoppage-of-100-inefficient-coal-plants-in-a-decade
"Already Cheaper Than Gas, China’s Renewables to Undercut Coal by 2026",184,5,https://www.greentechmedia.com/articles/read/chinas-renewables-cost-to-fall-below-coal-power-by-2026#gs.yd31gk
"Almost no growth in coal-fired power in China in the last 12 months, thanks to big growth in hydro, nuclear, wind, and PV",180,6,https://chinaenergyportal.org/en/2019-q2-electricity-and-energy-statistics/
Indiana House passes a bill designed to cripple the state’s growing rooftop solar industry - Solar supporters hope the new governor steps in.,181,8,https://thinkprogress.org/indiana-nem-bill-bad-fc02f8f08f8a?0
Great Britain’s electricity system has greenest day ever over Easter | Renewable energy,177,8,https://www.theguardian.com/environment/2021/apr/06/uk-electricity-system-has-greenest-day-ever-over-easter
"Costa Rica will run on more than 98% renewable energy for fifth consecutive year, government says – The Tico Times",181,10,https://ticotimes.net/2019/09/24/costa-rica-will-run-on-more-than-98-renewable-energy-for-fifth-consecutive-year-government-says
Renewable Energy Is Now The Cheapest Option - Even Without Subsidies,180,22,https://www.forbes.com/sites/jamesellsmoor/2019/06/15/renewable-energy-is-now-the-cheapest-option-even-without-subsidies/
"Biden’s new moonshot: An offshore wind industry to rival Europe’s. Having fallen a decade behind in developing the renewable energy, the U.S. is priming itself for a space race-style comeback.",179,6,https://grist.org/energy/bidens-new-moonshot-an-offshore-wind-industry-to-rival-europes/
"China’s Wind, Solar Power Capacity Tops Coal for First Time",178,16,https://www.caixinglobal.com/2024-07-26/chinas-wind-solar-power-capacity-tops-coal-for-first-time-102220293.html
"Conservative group says Germany could become the world’s first industrialised country running on 100% renewable energy supply as early as 2030 and simultaneously reduce citizens’ expenses on transport, heating and power use",180,14,https://reneweconomy.com.au/conservative-group-says-germany-could-reach-100-renewables-by-2030-at-low-cost/
Japanese golf course becomes 100 MW solar park,172,6,https://www.pv-magazine.com/2020/05/29/japanese-golf-course-becomes-100-mw-solar-park/
Taiwan to spend $56bn on renewable energy,176,14,http://asia.nikkei.com/Politics-Economy/Policy-Politics/Taiwan-to-spend-56bn-on-renewable-energy
The International Energy Agency made its biggest-ever upward revision to its renewable energy forecast this week. It increased its five-year forecast for renewables by nearly 30%,172,20,https://www.iea.org/reports/renewables-2022/executive-summary
Biden faces backlash from US states to his clean energy agenda. Republican-led states are considering bills that would punch holes in President Biden’s green revamp of the US electricity system by promoting fossil fuels or piling costs on to renewable energy.,176,19,https://www.ft.com/content/ee272395-2ea7-4175-bb19-996111f5a499
Solar Power: America Invented It… China Owns It… Opportunity Springs From It. “We argue so much about the silly politics of climate change and fail to recognize the gargantuan economic opportunity that this presents.”,177,3,http://www.wallstreetdaily.com/2016/12/19/solar-power-america-invented-china-owns-opportunity-springs/
"How China Beat the U.S. to Become World's Undisputed Solar Champion. China went all in on solar manufacturing and now produces three-quarters of the world’s supply. The inconsistent, piecemeal policy of the U.S. was no match for a China-styled “industrial strategy” to dominate solar manufacturing.",173,24,https://www.bloomberg.com/news/articles/2021-06-04/solar-jobs-2021-how-china-beat-u-s-to-become-world-s-solar-champion
Poll shows 50% of Australians support shifting all sales of new cars to electric vehicles by 2025 - Transition to electric vehicles to cut carbon emissions has dominated climate policy debate in the Australian election campaign,172,15,https://www.theguardian.com/environment/2019/apr/12/poll-shows-50-per-cent-of-australians-support-shifting-all-sales-of-new-cars-to-electric-vehicles-by-2025
"Citizens put renewable energy on this year’s ballots - 24 states permit “direct democracy,” which allows citizens who gather enough petition signatures to put new laws & regulations to a vote in general elections.",175,7,https://grist.org/article/citizens-put-renewable-energy-on-this-years-ballots/
China scraps construction of 85 planned coal power plants (x-post from /r/worldnews),170,7,http://www.independent.co.uk/news/world/asia/china-scraps-construction-85-coal-power-plants-renewable-energy-national-energy-administration-paris-a7530571.html
Japan Aims to Double Renewable Energy Over Next Decade,170,5,https://www.wsj.com/articles/japan-aims-to-double-solar-renewable-energy-over-next-decade-11626847878
"Kenya targets 100 per cent transition to green energy by 2020 to address the climate change challenge, President Uhuru Kenyatta has said. Renewable energy makes up 70 per cent of Kenya’s installed electric power capacity",174,16,https://www.nation.co.ke/news/Kenya-to-move-to-green-energy-by-2020--says-President/1056-4848856-pc34xi/index.html
Rooftop solar helps send South Australia grid to zero demand in world first,168,9,https://reneweconomy.com.au/rooftop-solar-helps-send-south-australia-grid-to-zero-demand-in-world-first/
The Case for Taking Back Solar. Solar has been the fastest-growing source of electric power in the US for years. But almost all of the panels and their component parts are made in China. That has to change. We need to re-create a solar panel manufacturing industry.,172,68,https://prospect.org/environment/climate-of-opportunity/case-for-taking-back-solar/
Wind and solar supply more than 50 pct of Australia's main grid for first time - RenewEconomy,170,5,https://reneweconomy.com.au/wind-and-solar-supply-more-than-50-pct-of-australias-main-grid-for-first-time-70438/
Maine company looks to tidal power as renewable energy’s next generation,171,21,https://energynews.us/2020/09/23/northeast/maine-company-looks-to-tidal-power-as-renewable-energys-next-generation/
"In Texas, the city of Georgetown runs on 100% renewable energy. Mayor Dale Ross said that the decision was “a no-brainer economically.”",166,4,https://www.axios.com/a-trump-supporting-texas-town-runs-on-100-renewable-energy-ec9f4f19-d8d1-4d00-9b71-84c3f0fe7ec2.html
India adds 14.9 GW of solar in H1,170,9,https://www.pv-magazine.com/2024/08/23/india-adds-14-9-gw-of-solar-in-h1/
"Renewable energy workers are in high demand, global survey reveals",170,7,https://www.edie.net/renewable-energy-workers-are-in-high-demand-global-survey-reveals/
How greed and politics are slowing the switch to renewable energy - Bulletin of the Atomic Scientists,170,4,https://thebulletin.org/2022/01/how-greed-and-politics-are-slowing-the-switch-to-renewable-energy/
"Records smashed as renewables break through 60pct in Australia, coal output at new low",171,4,https://reneweconomy.com.au/records-smashed-as-renewables-break-through-60pct-coal-output-at-new-low/
Renewable energy: Solar and wind cheaper than the cheapest fossil fuel - report,173,6,https://www.agriland.ie/farming-news/renewable-solar-and-wind-energy-cheaper-than-the-cheapest-fossil-fuel-report/
"Fossil fuels represent the energy of the past. To protect its economy from the risk of stranded assets, Norway will begin to divest its $1 trillion wealth fund from oil investments. The future is clean, renewable energy, and Norway gets it.",173,6,https://www.cnn.com/2019/03/08/investing/norway-fund-oil-stocks/index.html
Maryland House overrides governor to push renewable energy,169,4,http://www.bayjournal.com/article/maryland_house_overrides_governor_to_push_renewable_energy
China Is Pumping Hundreds of Billions of Dollars Into New Renewable Energy Projects by 2020. While Trump appoints climate deniers.,168,6,http://www.motherjones.com/environment/2017/01/china-pumping-hundreds-billions-dollars-new-renewable-energy-projects-2020
Record number of oil and gas firms go bust as renewable energy revolution begins to bite. The world’s largest private power production company warns the sector that renewables could drive the oil price as low as $10 a barrel.,167,29,http://www.independent.co.uk/environment/oil-gas-firms-industry-bust-renewable-energy-revolution-biofuel-solar-panel-wind-power-opec-saudi-a7507016.html
Wind and solar met 100 per cent of more of local demand in South Australia’s main grid in all but two days in the month of October,169,11,https://reneweconomy.com.au/remarkable-south-australia-reached-100-pct-renewables-nearly-every-day-in-october/
Renewable Energy Jobs Reach 12 Million Globally,166,6,https://www.irena.org/newsroom/pressreleases/2021/Oct/Renewable-Energy-Jobs-Reach-12-Million-Globally
Analysis: We Can Replace Fossil Fuels and Meet 1.5ºC Target With Renewable Energy Only,166,31,https://www.commondreams.org/newswire/2021/06/10/analysis-we-can-replace-fossil-fuels-and-meet-15oc-target-renewable-energy-only
California just hit 95% renewable energy,164,16,https://www.latimes.com/environment/newsletter/2021-04-29/solar-power-water-canals-california-climate-change-boiling-point
"Despite Trump, American companies are still investing in renewable energy - Surveyed corporations stated that Trump’s election had no impact on their decision to buy renewable energy",166,9,https://www.theguardian.com/environment/climate-consensus-97-per-cent/2017/oct/11/despite-trump-american-companies-are-still-investing-in-renewable-energy
Indonesia breaks ground on first renewable energy-powered EV battery factory,166,2,https://pune.news/international/indonesia-breaks-ground-on-first-renewable-energy-powered-ev-battery-factory-230876/
